method,lr,seed,best_val_acc,final_val_acc,score_05_05,summary_json,curve_csv
baseline_avg,2.0000000000000003e-06,2,0.6205097243348998,0.6139204803623288,0.6172151023486143,runs_hpo60_topk_deberta_s23_step50/baseline_avg/lr_2p00em06/baseline_avg_s2.json,runs_hpo60_topk_deberta_s23_step50/baseline_avg/lr_2p00em06/baseline_avg_s2_curve.csv
baseline_avg,2.0000000000000003e-06,3,0.6237167724244093,0.6237167724244093,0.6237167724244093,runs_hpo60_topk_deberta_s23_step50/baseline_avg/lr_2p00em06/baseline_avg_s3.json,runs_hpo60_topk_deberta_s23_step50/baseline_avg/lr_2p00em06/baseline_avg_s3_curve.csv
baseline_avg,2.477980741884182e-06,2,0.6230828701504588,0.6230828701504588,0.6230828701504588,runs_hpo60_topk_deberta_s23_step50/baseline_avg/lr_2p48em06/baseline_avg_s2.json,runs_hpo60_topk_deberta_s23_step50/baseline_avg/lr_2p48em06/baseline_avg_s2_curve.csv
baseline_avg,2.477980741884182e-06,3,0.6207071498351155,0.6185142548931153,0.6196107023641154,runs_hpo60_topk_deberta_s23_step50/baseline_avg/lr_2p48em06/baseline_avg_s3.json,runs_hpo60_topk_deberta_s23_step50/baseline_avg/lr_2p48em06/baseline_avg_s3_curve.csv
baseline_avg,3.0701942785744396e-06,2,0.6169664010783972,0.6169664010783972,0.6169664010783972,runs_hpo60_topk_deberta_s23_step50/baseline_avg/lr_3p07em06/baseline_avg_s2.json,runs_hpo60_topk_deberta_s23_step50/baseline_avg/lr_3p07em06/baseline_avg_s2_curve.csv
baseline_avg,3.0701942785744396e-06,3,0.6336996169501324,0.6336996169501324,0.6336996169501324,runs_hpo60_topk_deberta_s23_step50/baseline_avg/lr_3p07em06/baseline_avg_s3.json,runs_hpo60_topk_deberta_s23_step50/baseline_avg/lr_3p07em06/baseline_avg_s3_curve.csv
baseline_avg,3.8039411480752295e-06,2,0.6489787416270832,0.6489787416270832,0.6489787416270832,runs_hpo60_topk_deberta_s23_step50/baseline_avg/lr_3p80em06/baseline_avg_s2.json,runs_hpo60_topk_deberta_s23_step50/baseline_avg/lr_3p80em06/baseline_avg_s2_curve.csv
baseline_avg,3.8039411480752295e-06,3,0.6124695846243262,0.6124695846243262,0.6124695846243262,runs_hpo60_topk_deberta_s23_step50/baseline_avg/lr_3p80em06/baseline_avg_s3.json,runs_hpo60_topk_deberta_s23_step50/baseline_avg/lr_3p80em06/baseline_avg_s3_curve.csv
baseline_avg,4.713046454095611e-06,2,0.6390937007015957,0.6390937007015957,0.6390937007015957,runs_hpo60_topk_deberta_s23_step50/baseline_avg/lr_4p71em06/baseline_avg_s2.json,runs_hpo60_topk_deberta_s23_step50/baseline_avg/lr_4p71em06/baseline_avg_s2_curve.csv
baseline_avg,4.713046454095611e-06,3,0.6246943135551413,0.6246943135551413,0.6246943135551413,runs_hpo60_topk_deberta_s23_step50/baseline_avg/lr_4p71em06/baseline_avg_s3.json,runs_hpo60_topk_deberta_s23_step50/baseline_avg/lr_4p71em06/baseline_avg_s3_curve.csv
baseline_avg,5.839419174427227e-06,2,0.6533563222977753,0.6533563222977753,0.6533563222977753,runs_hpo60_topk_deberta_s23_step50/baseline_avg/lr_5p84em06/baseline_avg_s2.json,runs_hpo60_topk_deberta_s23_step50/baseline_avg/lr_5p84em06/baseline_avg_s2_curve.csv
baseline_avg,5.839419174427227e-06,3,0.6392797215317209,0.6392797215317209,0.6392797215317209,runs_hpo60_topk_deberta_s23_step50/baseline_avg/lr_5p84em06/baseline_avg_s3.json,runs_hpo60_topk_deberta_s23_step50/baseline_avg/lr_5p84em06/baseline_avg_s3_curve.csv
baseline_avg,7.234984129009947e-06,2,0.6480228984962532,0.6480228984962532,0.6480228984962532,runs_hpo60_topk_deberta_s23_step50/baseline_avg/lr_7p23em06/baseline_avg_s2.json,runs_hpo60_topk_deberta_s23_step50/baseline_avg/lr_7p23em06/baseline_avg_s2_curve.csv
baseline_avg,7.234984129009947e-06,3,0.6441148972692882,0.6441148972692882,0.6441148972692882,runs_hpo60_topk_deberta_s23_step50/baseline_avg/lr_7p23em06/baseline_avg_s3.json,runs_hpo60_topk_deberta_s23_step50/baseline_avg/lr_7p23em06/baseline_avg_s3_curve.csv
baseline_avg,8.964075669762173e-06,2,0.6579776541085102,0.6579776541085102,0.6579776541085102,runs_hpo60_topk_deberta_s23_step50/baseline_avg/lr_8p96em06/baseline_avg_s2.json,runs_hpo60_topk_deberta_s23_step50/baseline_avg/lr_8p96em06/baseline_avg_s2_curve.csv
baseline_avg,8.964075669762173e-06,3,0.6579797382250132,0.6579797382250132,0.6579797382250132,runs_hpo60_topk_deberta_s23_step50/baseline_avg/lr_8p96em06/baseline_avg_s3.json,runs_hpo60_topk_deberta_s23_step50/baseline_avg/lr_8p96em06/baseline_avg_s3_curve.csv
baseline_avg,1.1106403439231605e-05,2,0.6415168579970452,0.6415168579970452,0.6415168579970452,runs_hpo60_topk_deberta_s23_step50/baseline_avg/lr_1p11em05/baseline_avg_s2.json,runs_hpo60_topk_deberta_s23_step50/baseline_avg/lr_1p11em05/baseline_avg_s2_curve.csv
baseline_avg,1.1106403439231605e-05,3,0.6260590761797576,0.6260590761797576,0.6260590761797576,runs_hpo60_topk_deberta_s23_step50/baseline_avg/lr_1p11em05/baseline_avg_s3.json,runs_hpo60_topk_deberta_s23_step50/baseline_avg/lr_1p11em05/baseline_avg_s3_curve.csv
baseline_avg,1.376072691700608e-05,2,0.650718475551973,0.650718475551973,0.650718475551973,runs_hpo60_topk_deberta_s23_step50/baseline_avg/lr_1p38em05/baseline_avg_s2.json,runs_hpo60_topk_deberta_s23_step50/baseline_avg/lr_1p38em05/baseline_avg_s2_curve.csv
baseline_avg,1.376072691700608e-05,3,0.6487444382933315,0.6383980271374252,0.6435712327153784,runs_hpo60_topk_deberta_s23_step50/baseline_avg/lr_1p38em05/baseline_avg_s3.json,runs_hpo60_topk_deberta_s23_step50/baseline_avg/lr_1p38em05/baseline_avg_s3_curve.csv
baseline_avg,1.704940814733421e-05,2,0.6631054431965083,0.6631054431965083,0.6631054431965083,runs_hpo60_topk_deberta_s23_step50/baseline_avg/lr_1p70em05/baseline_avg_s2.json,runs_hpo60_topk_deberta_s23_step50/baseline_avg/lr_1p70em05/baseline_avg_s2_curve.csv
baseline_avg,1.704940814733421e-05,3,0.647452585812267,0.647452585812267,0.647452585812267,runs_hpo60_topk_deberta_s23_step50/baseline_avg/lr_1p70em05/baseline_avg_s3.json,runs_hpo60_topk_deberta_s23_step50/baseline_avg/lr_1p70em05/baseline_avg_s3_curve.csv
baseline_avg,2.1124052524808717e-05,2,0.6621566979387076,0.6621566979387076,0.6621566979387076,runs_hpo60_topk_deberta_s23_step50/baseline_avg/lr_2p11em05/baseline_avg_s2.json,runs_hpo60_topk_deberta_s23_step50/baseline_avg/lr_2p11em05/baseline_avg_s2_curve.csv
baseline_avg,2.1124052524808717e-05,3,0.6796337313141847,0.6796337313141847,0.6796337313141847,runs_hpo60_topk_deberta_s23_step50/baseline_avg/lr_2p11em05/baseline_avg_s3.json,runs_hpo60_topk_deberta_s23_step50/baseline_avg/lr_2p11em05/baseline_avg_s3_curve.csv
baseline_avg,2.617249767351296e-05,2,0.6812911072892317,0.6812911072892317,0.6812911072892317,runs_hpo60_topk_deberta_s23_step50/baseline_avg/lr_2p62em05/baseline_avg_s2.json,runs_hpo60_topk_deberta_s23_step50/baseline_avg/lr_2p62em05/baseline_avg_s2_curve.csv
baseline_avg,2.617249767351296e-05,3,0.6408076956462813,0.6408076956462813,0.6408076956462813,runs_hpo60_topk_deberta_s23_step50/baseline_avg/lr_2p62em05/baseline_avg_s3.json,runs_hpo60_topk_deberta_s23_step50/baseline_avg/lr_2p62em05/baseline_avg_s3_curve.csv
baseline_avg,3.242747260098683e-05,2,0.6508968668755511,0.6471860253320431,0.6490414461037971,runs_hpo60_topk_deberta_s23_step50/baseline_avg/lr_3p24em05/baseline_avg_s2.json,runs_hpo60_topk_deberta_s23_step50/baseline_avg/lr_3p24em05/baseline_avg_s2_curve.csv
baseline_avg,3.242747260098683e-05,3,0.6577542238113313,0.6577542238113313,0.6577542238113313,runs_hpo60_topk_deberta_s23_step50/baseline_avg/lr_3p24em05/baseline_avg_s3.json,runs_hpo60_topk_deberta_s23_step50/baseline_avg/lr_3p24em05/baseline_avg_s3_curve.csv
baseline_avg,4.017732630661116e-05,2,0.6647968946177717,0.6647968946177717,0.6647968946177717,runs_hpo60_topk_deberta_s23_step50/baseline_avg/lr_4p02em05/baseline_avg_s2.json,runs_hpo60_topk_deberta_s23_step50/baseline_avg/lr_4p02em05/baseline_avg_s2_curve.csv
baseline_avg,4.017732630661116e-05,3,0.676999659731926,0.676999659731926,0.676999659731926,runs_hpo60_topk_deberta_s23_step50/baseline_avg/lr_4p02em05/baseline_avg_s3.json,runs_hpo60_topk_deberta_s23_step50/baseline_avg/lr_4p02em05/baseline_avg_s3_curve.csv
baseline_avg,4.977932042408958e-05,2,0.6778122191462134,0.6545170026918529,0.6661646109190331,runs_hpo60_topk_deberta_s23_step50/baseline_avg/lr_4p98em05/baseline_avg_s2.json,runs_hpo60_topk_deberta_s23_step50/baseline_avg/lr_4p98em05/baseline_avg_s2_curve.csv
baseline_avg,4.977932042408958e-05,3,0.6857645346963602,0.6753123765436686,0.6805384556200145,runs_hpo60_topk_deberta_s23_step50/baseline_avg/lr_4p98em05/baseline_avg_s3.json,runs_hpo60_topk_deberta_s23_step50/baseline_avg/lr_4p98em05/baseline_avg_s3_curve.csv
baseline_avg,6.167609867748794e-05,2,0.6527801984069862,0.6527801984069862,0.6527801984069862,runs_hpo60_topk_deberta_s23_step50/baseline_avg/lr_6p17em05/baseline_avg_s2.json,runs_hpo60_topk_deberta_s23_step50/baseline_avg/lr_6p17em05/baseline_avg_s2_curve.csv
baseline_avg,6.167609867748794e-05,3,0.6612307620210879,0.656628778276993,0.6589297701490404,runs_hpo60_topk_deberta_s23_step50/baseline_avg/lr_6p17em05/baseline_avg_s3.json,runs_hpo60_topk_deberta_s23_step50/baseline_avg/lr_6p17em05/baseline_avg_s3_curve.csv
baseline_avg,7.641609237868178e-05,2,0.6561817423566879,0.6441430342559981,0.650162388306343,runs_hpo60_topk_deberta_s23_step50/baseline_avg/lr_7p64em05/baseline_avg_s2.json,runs_hpo60_topk_deberta_s23_step50/baseline_avg/lr_7p64em05/baseline_avg_s2_curve.csv
baseline_avg,7.641609237868178e-05,3,0.6828246267938362,0.6820331064932293,0.6824288666435327,runs_hpo60_topk_deberta_s23_step50/baseline_avg/lr_7p64em05/baseline_avg_s3.json,runs_hpo60_topk_deberta_s23_step50/baseline_avg/lr_7p64em05/baseline_avg_s3_curve.csv
baseline_avg,9.4678802642208e-05,2,0.6507261531317637,0.6507261531317637,0.6507261531317637,runs_hpo60_topk_deberta_s23_step50/baseline_avg/lr_9p47em05/baseline_avg_s2.json,runs_hpo60_topk_deberta_s23_step50/baseline_avg/lr_9p47em05/baseline_avg_s2_curve.csv
baseline_avg,9.4678802642208e-05,3,0.6615779102246541,0.6615779102246541,0.6615779102246541,runs_hpo60_topk_deberta_s23_step50/baseline_avg/lr_9p47em05/baseline_avg_s3.json,runs_hpo60_topk_deberta_s23_step50/baseline_avg/lr_9p47em05/baseline_avg_s3_curve.csv
baseline_avg,0.00011730612480602229,2,0.6160076283075439,0.6160076283075439,0.6160076283075439,runs_hpo60_topk_deberta_s23_step50/baseline_avg/lr_1p17em04/baseline_avg_s2.json,runs_hpo60_topk_deberta_s23_step50/baseline_avg/lr_1p17em04/baseline_avg_s2_curve.csv
baseline_avg,0.00011730612480602229,3,0.6311754605976652,0.6311754605976652,0.6311754605976652,runs_hpo60_topk_deberta_s23_step50/baseline_avg/lr_1p17em04/baseline_avg_s3.json,runs_hpo60_topk_deberta_s23_step50/baseline_avg/lr_1p17em04/baseline_avg_s3_curve.csv
baseline_avg,0.00014534115908719275,2,0.6631049115629906,0.6309534074575242,0.6470291595102573,runs_hpo60_topk_deberta_s23_step50/baseline_avg/lr_1p45em04/baseline_avg_s2.json,runs_hpo60_topk_deberta_s23_step50/baseline_avg/lr_1p45em04/baseline_avg_s2_curve.csv
baseline_avg,0.00014534115908719275,3,0.6113578936933401,0.6113578936933401,0.6113578936933401,runs_hpo60_topk_deberta_s23_step50/baseline_avg/lr_1p45em04/baseline_avg_s3.json,runs_hpo60_topk_deberta_s23_step50/baseline_avg/lr_1p45em04/baseline_avg_s3_curve.csv
baseline_avg,0.0001800762966105944,2,0.6236584624077303,0.6163272192311616,0.619992840819446,runs_hpo60_topk_deberta_s23_step50/baseline_avg/lr_1p80em04/baseline_avg_s2.json,runs_hpo60_topk_deberta_s23_step50/baseline_avg/lr_1p80em04/baseline_avg_s2_curve.csv
baseline_avg,0.0001800762966105944,3,0.6200925956278053,0.5535623031386535,0.5868274493832294,runs_hpo60_topk_deberta_s23_step50/baseline_avg/lr_1p80em04/baseline_avg_s3.json,runs_hpo60_topk_deberta_s23_step50/baseline_avg/lr_1p80em04/baseline_avg_s3_curve.csv
baseline_avg,0.00022311279753543852,2,0.618979979993839,0.6163272192311616,0.6176535996125003,runs_hpo60_topk_deberta_s23_step50/baseline_avg/lr_2p23em04/baseline_avg_s2.json,runs_hpo60_topk_deberta_s23_step50/baseline_avg/lr_2p23em04/baseline_avg_s2_curve.csv
baseline_avg,0.00022311279753543852,3,0.6185749148430563,0.6185749148430563,0.6185749148430563,runs_hpo60_topk_deberta_s23_step50/baseline_avg/lr_2p23em04/baseline_avg_s3.json,runs_hpo60_topk_deberta_s23_step50/baseline_avg/lr_2p23em04/baseline_avg_s3_curve.csv
baseline_avg,0.00027643460778036053,2,0.6160076283075439,0.6160076283075439,0.6160076283075439,runs_hpo60_topk_deberta_s23_step50/baseline_avg/lr_2p76em04/baseline_avg_s2.json,runs_hpo60_topk_deberta_s23_step50/baseline_avg/lr_2p76em04/baseline_avg_s2_curve.csv
baseline_avg,0.00027643460778036053,3,0.6254251739058072,0.4240800868114551,0.5247526303586312,runs_hpo60_topk_deberta_s23_step50/baseline_avg/lr_2p76em04/baseline_avg_s3.json,runs_hpo60_topk_deberta_s23_step50/baseline_avg/lr_2p76em04/baseline_avg_s3_curve.csv
baseline_avg,0.0003424998172350203,2,0.6160076283075439,0.6160076283075439,0.6160076283075439,runs_hpo60_topk_deberta_s23_step50/baseline_avg/lr_3p42em04/baseline_avg_s2.json,runs_hpo60_topk_deberta_s23_step50/baseline_avg/lr_3p42em04/baseline_avg_s2_curve.csv
baseline_avg,0.0003424998172350203,3,0.6160076283075439,0.6160076283075439,0.6160076283075439,runs_hpo60_topk_deberta_s23_step50/baseline_avg/lr_3p42em04/baseline_avg_s3.json,runs_hpo60_topk_deberta_s23_step50/baseline_avg/lr_3p42em04/baseline_avg_s3_curve.csv
baseline_avg,0.00042435397560361605,2,0.6160076283075439,0.6160076283075439,0.6160076283075439,runs_hpo60_topk_deberta_s23_step50/baseline_avg/lr_4p24em04/baseline_avg_s2.json,runs_hpo60_topk_deberta_s23_step50/baseline_avg/lr_4p24em04/baseline_avg_s2_curve.csv
baseline_avg,0.00042435397560361605,3,0.6160076283075439,0.6160076283075439,0.6160076283075439,runs_hpo60_topk_deberta_s23_step50/baseline_avg/lr_4p24em04/baseline_avg_s3.json,runs_hpo60_topk_deberta_s23_step50/baseline_avg/lr_4p24em04/baseline_avg_s3_curve.csv
baseline_avg,0.0005257704896438752,2,0.6160076283075439,0.6160076283075439,0.6160076283075439,runs_hpo60_topk_deberta_s23_step50/baseline_avg/lr_5p26em04/baseline_avg_s2.json,runs_hpo60_topk_deberta_s23_step50/baseline_avg/lr_5p26em04/baseline_avg_s2_curve.csv
baseline_avg,0.0005257704896438752,3,0.6160076283075439,0.6160076283075439,0.6160076283075439,runs_hpo60_topk_deberta_s23_step50/baseline_avg/lr_5p26em04/baseline_avg_s3.json,runs_hpo60_topk_deberta_s23_step50/baseline_avg/lr_5p26em04/baseline_avg_s3_curve.csv
baseline_avg,0.0006514245739942696,2,0.6160076283075439,0.6160076283075439,0.6160076283075439,runs_hpo60_topk_deberta_s23_step50/baseline_avg/lr_6p51em04/baseline_avg_s2.json,runs_hpo60_topk_deberta_s23_step50/baseline_avg/lr_6p51em04/baseline_avg_s2_curve.csv
baseline_avg,0.0006514245739942696,3,0.6160076283075439,0.6160076283075439,0.6160076283075439,runs_hpo60_topk_deberta_s23_step50/baseline_avg/lr_6p51em04/baseline_avg_s3.json,runs_hpo60_topk_deberta_s23_step50/baseline_avg/lr_6p51em04/baseline_avg_s3_curve.csv
baseline_avg,0.0008071087745739543,2,0.6160076283075439,0.6160076283075439,0.6160076283075439,runs_hpo60_topk_deberta_s23_step50/baseline_avg/lr_8p07em04/baseline_avg_s2.json,runs_hpo60_topk_deberta_s23_step50/baseline_avg/lr_8p07em04/baseline_avg_s2_curve.csv
baseline_avg,0.0008071087745739543,3,0.6160076283075439,0.6160076283075439,0.6160076283075439,runs_hpo60_topk_deberta_s23_step50/baseline_avg/lr_8p07em04/baseline_avg_s3.json,runs_hpo60_topk_deberta_s23_step50/baseline_avg/lr_8p07em04/baseline_avg_s3_curve.csv
baseline_avg,0.001,2,0.6160076283075439,0.6160076283075439,0.6160076283075439,runs_hpo60_topk_deberta_s23_step50/baseline_avg/lr_1p00em03/baseline_avg_s2.json,runs_hpo60_topk_deberta_s23_step50/baseline_avg/lr_1p00em03/baseline_avg_s2_curve.csv
baseline_avg,0.001,3,0.6160076283075439,0.6160076283075439,0.6160076283075439,runs_hpo60_topk_deberta_s23_step50/baseline_avg/lr_1p00em03/baseline_avg_s3.json,runs_hpo60_topk_deberta_s23_step50/baseline_avg/lr_1p00em03/baseline_avg_s3_curve.csv
baseline_cagrad,2.0000000000000003e-06,2,0.6133480835618396,0.6133480835618396,0.6133480835618396,runs_hpo60_topk_deberta_s23_step50/baseline_cagrad/lr_2p00em06/baseline_cagrad_s2.json,runs_hpo60_topk_deberta_s23_step50/baseline_cagrad/lr_2p00em06/baseline_cagrad_s2_curve.csv
baseline_cagrad,2.0000000000000003e-06,3,0.6078842851236069,0.6078842851236069,0.6078842851236069,runs_hpo60_topk_deberta_s23_step50/baseline_cagrad/lr_2p00em06/baseline_cagrad_s3.json,runs_hpo60_topk_deberta_s23_step50/baseline_cagrad/lr_2p00em06/baseline_cagrad_s3_curve.csv
baseline_cagrad,2.477980741884182e-06,2,0.627343564971034,0.627343564971034,0.627343564971034,runs_hpo60_topk_deberta_s23_step50/baseline_cagrad/lr_2p48em06/baseline_cagrad_s2.json,runs_hpo60_topk_deberta_s23_step50/baseline_cagrad/lr_2p48em06/baseline_cagrad_s2_curve.csv
baseline_cagrad,2.477980741884182e-06,3,0.624503013151731,0.624503013151731,0.624503013151731,runs_hpo60_topk_deberta_s23_step50/baseline_cagrad/lr_2p48em06/baseline_cagrad_s3.json,runs_hpo60_topk_deberta_s23_step50/baseline_cagrad/lr_2p48em06/baseline_cagrad_s3_curve.csv
baseline_cagrad,3.0701942785744396e-06,2,0.628925101162506,0.628925101162506,0.628925101162506,runs_hpo60_topk_deberta_s23_step50/baseline_cagrad/lr_3p07em06/baseline_cagrad_s2.json,runs_hpo60_topk_deberta_s23_step50/baseline_cagrad/lr_3p07em06/baseline_cagrad_s2_curve.csv
baseline_cagrad,3.0701942785744396e-06,3,0.6361535269823126,0.6361535269823126,0.6361535269823126,runs_hpo60_topk_deberta_s23_step50/baseline_cagrad/lr_3p07em06/baseline_cagrad_s3.json,runs_hpo60_topk_deberta_s23_step50/baseline_cagrad/lr_3p07em06/baseline_cagrad_s3_curve.csv
baseline_cagrad,3.8039411480752295e-06,2,0.6410021915064735,0.6410021915064735,0.6410021915064735,runs_hpo60_topk_deberta_s23_step50/baseline_cagrad/lr_3p80em06/baseline_cagrad_s2.json,runs_hpo60_topk_deberta_s23_step50/baseline_cagrad/lr_3p80em06/baseline_cagrad_s2_curve.csv
baseline_cagrad,3.8039411480752295e-06,3,0.6154847526036639,0.6154847526036639,0.6154847526036639,runs_hpo60_topk_deberta_s23_step50/baseline_cagrad/lr_3p80em06/baseline_cagrad_s3.json,runs_hpo60_topk_deberta_s23_step50/baseline_cagrad/lr_3p80em06/baseline_cagrad_s3_curve.csv
baseline_cagrad,4.713046454095611e-06,2,0.6222772813564971,0.6222772813564971,0.6222772813564971,runs_hpo60_topk_deberta_s23_step50/baseline_cagrad/lr_4p71em06/baseline_cagrad_s2.json,runs_hpo60_topk_deberta_s23_step50/baseline_cagrad/lr_4p71em06/baseline_cagrad_s2_curve.csv
baseline_cagrad,4.713046454095611e-06,3,0.6329978182891568,0.6329978182891568,0.6329978182891568,runs_hpo60_topk_deberta_s23_step50/baseline_cagrad/lr_4p71em06/baseline_cagrad_s3.json,runs_hpo60_topk_deberta_s23_step50/baseline_cagrad/lr_4p71em06/baseline_cagrad_s3_curve.csv
baseline_cagrad,5.839419174427227e-06,2,0.6180894966794735,0.6180894966794735,0.6180894966794735,runs_hpo60_topk_deberta_s23_step50/baseline_cagrad/lr_5p84em06/baseline_cagrad_s2.json,runs_hpo60_topk_deberta_s23_step50/baseline_cagrad/lr_5p84em06/baseline_cagrad_s2_curve.csv
baseline_cagrad,5.839419174427227e-06,3,0.6438093748390253,0.6438093748390253,0.6438093748390253,runs_hpo60_topk_deberta_s23_step50/baseline_cagrad/lr_5p84em06/baseline_cagrad_s3.json,runs_hpo60_topk_deberta_s23_step50/baseline_cagrad/lr_5p84em06/baseline_cagrad_s3_curve.csv
baseline_cagrad,7.234984129009947e-06,2,0.6321787407086014,0.6321787407086014,0.6321787407086014,runs_hpo60_topk_deberta_s23_step50/baseline_cagrad/lr_7p23em06/baseline_cagrad_s2.json,runs_hpo60_topk_deberta_s23_step50/baseline_cagrad/lr_7p23em06/baseline_cagrad_s2_curve.csv
baseline_cagrad,7.234984129009947e-06,3,0.6510155229521686,0.6510155229521686,0.6510155229521686,runs_hpo60_topk_deberta_s23_step50/baseline_cagrad/lr_7p23em06/baseline_cagrad_s3.json,runs_hpo60_topk_deberta_s23_step50/baseline_cagrad/lr_7p23em06/baseline_cagrad_s3_curve.csv
baseline_cagrad,8.964075669762173e-06,2,0.6367648857328408,0.6359695902686905,0.6363672380007657,runs_hpo60_topk_deberta_s23_step50/baseline_cagrad/lr_8p96em06/baseline_cagrad_s2.json,runs_hpo60_topk_deberta_s23_step50/baseline_cagrad/lr_8p96em06/baseline_cagrad_s2_curve.csv
baseline_cagrad,8.964075669762173e-06,3,0.6323287292287109,0.6323287292287109,0.6323287292287109,runs_hpo60_topk_deberta_s23_step50/baseline_cagrad/lr_8p96em06/baseline_cagrad_s3.json,runs_hpo60_topk_deberta_s23_step50/baseline_cagrad/lr_8p96em06/baseline_cagrad_s3_curve.csv
baseline_cagrad,1.1106403439231605e-05,2,0.6521107954565378,0.6521107954565378,0.6521107954565378,runs_hpo60_topk_deberta_s23_step50/baseline_cagrad/lr_1p11em05/baseline_cagrad_s2.json,runs_hpo60_topk_deberta_s23_step50/baseline_cagrad/lr_1p11em05/baseline_cagrad_s2_curve.csv
baseline_cagrad,1.1106403439231605e-05,3,0.6410771857665284,0.6410771857665284,0.6410771857665284,runs_hpo60_topk_deberta_s23_step50/baseline_cagrad/lr_1p11em05/baseline_cagrad_s3.json,runs_hpo60_topk_deberta_s23_step50/baseline_cagrad/lr_1p11em05/baseline_cagrad_s3_curve.csv
baseline_cagrad,1.376072691700608e-05,2,0.6471555384120714,0.6471555384120714,0.6471555384120714,runs_hpo60_topk_deberta_s23_step50/baseline_cagrad/lr_1p38em05/baseline_cagrad_s2.json,runs_hpo60_topk_deberta_s23_step50/baseline_cagrad/lr_1p38em05/baseline_cagrad_s2_curve.csv
baseline_cagrad,1.376072691700608e-05,3,0.6625787923290849,0.6510205367086949,0.6567996645188898,runs_hpo60_topk_deberta_s23_step50/baseline_cagrad/lr_1p38em05/baseline_cagrad_s3.json,runs_hpo60_topk_deberta_s23_step50/baseline_cagrad/lr_1p38em05/baseline_cagrad_s3_curve.csv
baseline_cagrad,1.704940814733421e-05,2,0.6482751727396069,0.6482751727396069,0.6482751727396069,runs_hpo60_topk_deberta_s23_step50/baseline_cagrad/lr_1p70em05/baseline_cagrad_s2.json,runs_hpo60_topk_deberta_s23_step50/baseline_cagrad/lr_1p70em05/baseline_cagrad_s2_curve.csv
baseline_cagrad,1.704940814733421e-05,3,0.6572931193976714,0.6572931193976714,0.6572931193976714,runs_hpo60_topk_deberta_s23_step50/baseline_cagrad/lr_1p70em05/baseline_cagrad_s3.json,runs_hpo60_topk_deberta_s23_step50/baseline_cagrad/lr_1p70em05/baseline_cagrad_s3_curve.csv
baseline_cagrad,2.1124052524808717e-05,2,0.6832584397443063,0.6832584397443063,0.6832584397443063,runs_hpo60_topk_deberta_s23_step50/baseline_cagrad/lr_2p11em05/baseline_cagrad_s2.json,runs_hpo60_topk_deberta_s23_step50/baseline_cagrad/lr_2p11em05/baseline_cagrad_s2_curve.csv
baseline_cagrad,2.1124052524808717e-05,3,0.6396877955019867,0.6396877955019867,0.6396877955019867,runs_hpo60_topk_deberta_s23_step50/baseline_cagrad/lr_2p11em05/baseline_cagrad_s3.json,runs_hpo60_topk_deberta_s23_step50/baseline_cagrad/lr_2p11em05/baseline_cagrad_s3_curve.csv
baseline_cagrad,2.617249767351296e-05,2,0.6713530359203502,0.6713530359203502,0.6713530359203502,runs_hpo60_topk_deberta_s23_step50/baseline_cagrad/lr_2p62em05/baseline_cagrad_s2.json,runs_hpo60_topk_deberta_s23_step50/baseline_cagrad/lr_2p62em05/baseline_cagrad_s2_curve.csv
baseline_cagrad,2.617249767351296e-05,3,0.6857923577930677,0.6857923577930677,0.6857923577930677,runs_hpo60_topk_deberta_s23_step50/baseline_cagrad/lr_2p62em05/baseline_cagrad_s3.json,runs_hpo60_topk_deberta_s23_step50/baseline_cagrad/lr_2p62em05/baseline_cagrad_s3_curve.csv
baseline_cagrad,3.242747260098683e-05,2,0.6537887580912076,0.6537887580912076,0.6537887580912076,runs_hpo60_topk_deberta_s23_step50/baseline_cagrad/lr_3p24em05/baseline_cagrad_s2.json,runs_hpo60_topk_deberta_s23_step50/baseline_cagrad/lr_3p24em05/baseline_cagrad_s2_curve.csv
baseline_cagrad,3.242747260098683e-05,3,0.6793003377139709,0.667236470339838,0.6732684040269045,runs_hpo60_topk_deberta_s23_step50/baseline_cagrad/lr_3p24em05/baseline_cagrad_s3.json,runs_hpo60_topk_deberta_s23_step50/baseline_cagrad/lr_3p24em05/baseline_cagrad_s3_curve.csv
baseline_cagrad,4.017732630661116e-05,2,0.6716055759804629,0.6716055759804629,0.6716055759804629,runs_hpo60_topk_deberta_s23_step50/baseline_cagrad/lr_4p02em05/baseline_cagrad_s2.json,runs_hpo60_topk_deberta_s23_step50/baseline_cagrad/lr_4p02em05/baseline_cagrad_s2_curve.csv
baseline_cagrad,4.017732630661116e-05,3,0.688352014822033,0.688352014822033,0.688352014822033,runs_hpo60_topk_deberta_s23_step50/baseline_cagrad/lr_4p02em05/baseline_cagrad_s3.json,runs_hpo60_topk_deberta_s23_step50/baseline_cagrad/lr_4p02em05/baseline_cagrad_s3_curve.csv
baseline_cagrad,4.977932042408958e-05,2,0.6562877551702321,0.6562877551702321,0.6562877551702321,runs_hpo60_topk_deberta_s23_step50/baseline_cagrad/lr_4p98em05/baseline_cagrad_s2.json,runs_hpo60_topk_deberta_s23_step50/baseline_cagrad/lr_4p98em05/baseline_cagrad_s2_curve.csv
baseline_cagrad,4.977932042408958e-05,3,0.6865531253569438,0.6717854717137826,0.6791692985353632,runs_hpo60_topk_deberta_s23_step50/baseline_cagrad/lr_4p98em05/baseline_cagrad_s3.json,runs_hpo60_topk_deberta_s23_step50/baseline_cagrad/lr_4p98em05/baseline_cagrad_s3_curve.csv
baseline_cagrad,6.167609867748794e-05,2,0.6496788973142621,0.6496788973142621,0.6496788973142621,runs_hpo60_topk_deberta_s23_step50/baseline_cagrad/lr_6p17em05/baseline_cagrad_s2.json,runs_hpo60_topk_deberta_s23_step50/baseline_cagrad/lr_6p17em05/baseline_cagrad_s2_curve.csv
baseline_cagrad,6.167609867748794e-05,3,0.6851839286825626,0.6851839286825626,0.6851839286825626,runs_hpo60_topk_deberta_s23_step50/baseline_cagrad/lr_6p17em05/baseline_cagrad_s3.json,runs_hpo60_topk_deberta_s23_step50/baseline_cagrad/lr_6p17em05/baseline_cagrad_s3_curve.csv
baseline_cagrad,7.641609237868178e-05,2,0.6441204907325758,0.6441204907325758,0.6441204907325758,runs_hpo60_topk_deberta_s23_step50/baseline_cagrad/lr_7p64em05/baseline_cagrad_s2.json,runs_hpo60_topk_deberta_s23_step50/baseline_cagrad/lr_7p64em05/baseline_cagrad_s2_curve.csv
baseline_cagrad,7.641609237868178e-05,3,0.664173865380394,0.6612140777777121,0.6626939715790531,runs_hpo60_topk_deberta_s23_step50/baseline_cagrad/lr_7p64em05/baseline_cagrad_s3.json,runs_hpo60_topk_deberta_s23_step50/baseline_cagrad/lr_7p64em05/baseline_cagrad_s3_curve.csv
baseline_cagrad,9.4678802642208e-05,2,0.6623420598826112,0.6411691781599612,0.6517556190212862,runs_hpo60_topk_deberta_s23_step50/baseline_cagrad/lr_9p47em05/baseline_cagrad_s2.json,runs_hpo60_topk_deberta_s23_step50/baseline_cagrad/lr_9p47em05/baseline_cagrad_s2_curve.csv
baseline_cagrad,9.4678802642208e-05,3,0.6671395122631224,0.6671395122631224,0.6671395122631224,runs_hpo60_topk_deberta_s23_step50/baseline_cagrad/lr_9p47em05/baseline_cagrad_s3.json,runs_hpo60_topk_deberta_s23_step50/baseline_cagrad/lr_9p47em05/baseline_cagrad_s3_curve.csv
baseline_cagrad,0.00011730612480602229,2,0.6389431805479684,0.6389431805479684,0.6389431805479684,runs_hpo60_topk_deberta_s23_step50/baseline_cagrad/lr_1p17em04/baseline_cagrad_s2.json,runs_hpo60_topk_deberta_s23_step50/baseline_cagrad/lr_1p17em04/baseline_cagrad_s2_curve.csv
baseline_cagrad,0.00011730612480602229,3,0.6694847456584941,0.6554338838726439,0.6624593147655691,runs_hpo60_topk_deberta_s23_step50/baseline_cagrad/lr_1p17em04/baseline_cagrad_s3.json,runs_hpo60_topk_deberta_s23_step50/baseline_cagrad/lr_1p17em04/baseline_cagrad_s3_curve.csv
baseline_cagrad,0.00014534115908719275,2,0.6426942226344984,0.6426942226344984,0.6426942226344984,runs_hpo60_topk_deberta_s23_step50/baseline_cagrad/lr_1p45em04/baseline_cagrad_s2.json,runs_hpo60_topk_deberta_s23_step50/baseline_cagrad/lr_1p45em04/baseline_cagrad_s2_curve.csv
baseline_cagrad,0.00014534115908719275,3,0.6381911538309183,0.6262345378633124,0.6322128458471153,runs_hpo60_topk_deberta_s23_step50/baseline_cagrad/lr_1p45em04/baseline_cagrad_s3.json,runs_hpo60_topk_deberta_s23_step50/baseline_cagrad/lr_1p45em04/baseline_cagrad_s3_curve.csv
baseline_cagrad,0.0001800762966105944,2,0.6629244361229094,0.6541923980117088,0.6585584170673091,runs_hpo60_topk_deberta_s23_step50/baseline_cagrad/lr_1p80em04/baseline_cagrad_s2.json,runs_hpo60_topk_deberta_s23_step50/baseline_cagrad/lr_1p80em04/baseline_cagrad_s2_curve.csv
baseline_cagrad,0.0001800762966105944,3,0.6200176013677505,0.6200176013677505,0.6200176013677505,runs_hpo60_topk_deberta_s23_step50/baseline_cagrad/lr_1p80em04/baseline_cagrad_s3.json,runs_hpo60_topk_deberta_s23_step50/baseline_cagrad/lr_1p80em04/baseline_cagrad_s3_curve.csv
baseline_cagrad,0.00022311279753543852,2,0.6160076283075439,0.6160076283075439,0.6160076283075439,runs_hpo60_topk_deberta_s23_step50/baseline_cagrad/lr_2p23em04/baseline_cagrad_s2.json,runs_hpo60_topk_deberta_s23_step50/baseline_cagrad/lr_2p23em04/baseline_cagrad_s2_curve.csv
baseline_cagrad,0.00022311279753543852,3,0.6118921740673107,0.6118921740673107,0.6118921740673107,runs_hpo60_topk_deberta_s23_step50/baseline_cagrad/lr_2p23em04/baseline_cagrad_s3.json,runs_hpo60_topk_deberta_s23_step50/baseline_cagrad/lr_2p23em04/baseline_cagrad_s3_curve.csv
baseline_cagrad,0.00027643460778036053,2,0.6160076283075439,0.6160076283075439,0.6160076283075439,runs_hpo60_topk_deberta_s23_step50/baseline_cagrad/lr_2p76em04/baseline_cagrad_s2.json,runs_hpo60_topk_deberta_s23_step50/baseline_cagrad/lr_2p76em04/baseline_cagrad_s2_curve.csv
baseline_cagrad,0.00027643460778036053,3,0.6160076283075439,0.6160076283075439,0.6160076283075439,runs_hpo60_topk_deberta_s23_step50/baseline_cagrad/lr_2p76em04/baseline_cagrad_s3.json,runs_hpo60_topk_deberta_s23_step50/baseline_cagrad/lr_2p76em04/baseline_cagrad_s3_curve.csv
baseline_cagrad,0.0003424998172350203,2,0.6160076283075439,0.6160076283075439,0.6160076283075439,runs_hpo60_topk_deberta_s23_step50/baseline_cagrad/lr_3p42em04/baseline_cagrad_s2.json,runs_hpo60_topk_deberta_s23_step50/baseline_cagrad/lr_3p42em04/baseline_cagrad_s2_curve.csv
baseline_cagrad,0.0003424998172350203,3,0.6160076283075439,0.6160076283075439,0.6160076283075439,runs_hpo60_topk_deberta_s23_step50/baseline_cagrad/lr_3p42em04/baseline_cagrad_s3.json,runs_hpo60_topk_deberta_s23_step50/baseline_cagrad/lr_3p42em04/baseline_cagrad_s3_curve.csv
baseline_cagrad,0.00042435397560361605,2,0.6160076283075439,0.6160076283075439,0.6160076283075439,runs_hpo60_topk_deberta_s23_step50/baseline_cagrad/lr_4p24em04/baseline_cagrad_s2.json,runs_hpo60_topk_deberta_s23_step50/baseline_cagrad/lr_4p24em04/baseline_cagrad_s2_curve.csv
baseline_cagrad,0.00042435397560361605,3,0.6160076283075439,0.6160076283075439,0.6160076283075439,runs_hpo60_topk_deberta_s23_step50/baseline_cagrad/lr_4p24em04/baseline_cagrad_s3.json,runs_hpo60_topk_deberta_s23_step50/baseline_cagrad/lr_4p24em04/baseline_cagrad_s3_curve.csv
baseline_cagrad,0.0005257704896438752,2,0.6160076283075439,0.6160076283075439,0.6160076283075439,runs_hpo60_topk_deberta_s23_step50/baseline_cagrad/lr_5p26em04/baseline_cagrad_s2.json,runs_hpo60_topk_deberta_s23_step50/baseline_cagrad/lr_5p26em04/baseline_cagrad_s2_curve.csv
baseline_cagrad,0.0005257704896438752,3,0.6160076283075439,0.6160076283075439,0.6160076283075439,runs_hpo60_topk_deberta_s23_step50/baseline_cagrad/lr_5p26em04/baseline_cagrad_s3.json,runs_hpo60_topk_deberta_s23_step50/baseline_cagrad/lr_5p26em04/baseline_cagrad_s3_curve.csv
baseline_cagrad,0.0006514245739942696,2,0.6160076283075439,0.6160076283075439,0.6160076283075439,runs_hpo60_topk_deberta_s23_step50/baseline_cagrad/lr_6p51em04/baseline_cagrad_s2.json,runs_hpo60_topk_deberta_s23_step50/baseline_cagrad/lr_6p51em04/baseline_cagrad_s2_curve.csv
baseline_cagrad,0.0006514245739942696,3,0.6160076283075439,0.6160076283075439,0.6160076283075439,runs_hpo60_topk_deberta_s23_step50/baseline_cagrad/lr_6p51em04/baseline_cagrad_s3.json,runs_hpo60_topk_deberta_s23_step50/baseline_cagrad/lr_6p51em04/baseline_cagrad_s3_curve.csv
baseline_cagrad,0.0008071087745739543,2,0.6160076283075439,0.6160076283075439,0.6160076283075439,runs_hpo60_topk_deberta_s23_step50/baseline_cagrad/lr_8p07em04/baseline_cagrad_s2.json,runs_hpo60_topk_deberta_s23_step50/baseline_cagrad/lr_8p07em04/baseline_cagrad_s2_curve.csv
baseline_cagrad,0.0008071087745739543,3,0.6160076283075439,0.6160076283075439,0.6160076283075439,runs_hpo60_topk_deberta_s23_step50/baseline_cagrad/lr_8p07em04/baseline_cagrad_s3.json,runs_hpo60_topk_deberta_s23_step50/baseline_cagrad/lr_8p07em04/baseline_cagrad_s3_curve.csv
baseline_cagrad,0.001,2,0.6160076283075439,0.6160076283075439,0.6160076283075439,runs_hpo60_topk_deberta_s23_step50/baseline_cagrad/lr_1p00em03/baseline_cagrad_s2.json,runs_hpo60_topk_deberta_s23_step50/baseline_cagrad/lr_1p00em03/baseline_cagrad_s2_curve.csv
baseline_cagrad,0.001,3,0.6160076283075439,0.6160076283075439,0.6160076283075439,runs_hpo60_topk_deberta_s23_step50/baseline_cagrad/lr_1p00em03/baseline_cagrad_s3.json,runs_hpo60_topk_deberta_s23_step50/baseline_cagrad/lr_1p00em03/baseline_cagrad_s3_curve.csv
ours,2.0000000000000003e-06,2,0.6169860149617961,0.6169860149617961,0.6169860149617961,runs_hpo60_topk_deberta_s23_step50/ours/lr_2p00em06/ours_s2.json,runs_hpo60_topk_deberta_s23_step50/ours/lr_2p00em06/ours_s2_curve.csv
ours,2.0000000000000003e-06,3,0.6208014921618104,0.6194870961573236,0.620144294159567,runs_hpo60_topk_deberta_s23_step50/ours/lr_2p00em06/ours_s3.json,runs_hpo60_topk_deberta_s23_step50/ours/lr_2p00em06/ours_s3_curve.csv
ours,2.477980741884182e-06,2,0.6179529969459577,0.6174121984057194,0.6176825976758386,runs_hpo60_topk_deberta_s23_step50/ours/lr_2p48em06/ours_s2.json,runs_hpo60_topk_deberta_s23_step50/ours/lr_2p48em06/ours_s2_curve.csv
ours,2.477980741884182e-06,3,0.6172109977419601,0.6163272192311616,0.6167691084865609,runs_hpo60_topk_deberta_s23_step50/ours/lr_2p48em06/ours_s3.json,runs_hpo60_topk_deberta_s23_step50/ours/lr_2p48em06/ours_s3_curve.csv
ours,3.0701942785744396e-06,2,0.6135258951786563,0.6135258951786563,0.6135258951786563,runs_hpo60_topk_deberta_s23_step50/ours/lr_3p07em06/ours_s2.json,runs_hpo60_topk_deberta_s23_step50/ours/lr_3p07em06/ours_s2_curve.csv
ours,3.0701942785744396e-06,3,0.6319238507152269,0.6319238507152269,0.6319238507152269,runs_hpo60_topk_deberta_s23_step50/ours/lr_3p07em06/ours_s3.json,runs_hpo60_topk_deberta_s23_step50/ours/lr_3p07em06/ours_s3_curve.csv
ours,3.8039411480752295e-06,2,0.6494266230709084,0.6494266230709084,0.6494266230709084,runs_hpo60_topk_deberta_s23_step50/ours/lr_3p80em06/ours_s2.json,runs_hpo60_topk_deberta_s23_step50/ours/lr_3p80em06/ours_s2_curve.csv
ours,3.8039411480752295e-06,3,0.6460746002178159,0.6460746002178159,0.6460746002178159,runs_hpo60_topk_deberta_s23_step50/ours/lr_3p80em06/ours_s3.json,runs_hpo60_topk_deberta_s23_step50/ours/lr_3p80em06/ours_s3_curve.csv
ours,4.713046454095611e-06,2,0.658561189762331,0.658561189762331,0.658561189762331,runs_hpo60_topk_deberta_s23_step50/ours/lr_4p71em06/ours_s2.json,runs_hpo60_topk_deberta_s23_step50/ours/lr_4p71em06/ours_s2_curve.csv
ours,4.713046454095611e-06,3,0.6242329433247225,0.6242329433247225,0.6242329433247225,runs_hpo60_topk_deberta_s23_step50/ours/lr_4p71em06/ours_s3.json,runs_hpo60_topk_deberta_s23_step50/ours/lr_4p71em06/ours_s3_curve.csv
ours,5.839419174427227e-06,2,0.6382931256641601,0.6382931256641601,0.6382931256641601,runs_hpo60_topk_deberta_s23_step50/ours/lr_5p84em06/ours_s2.json,runs_hpo60_topk_deberta_s23_step50/ours/lr_5p84em06/ours_s2_curve.csv
ours,5.839419174427227e-06,3,0.6367394125693954,0.6367394125693954,0.6367394125693954,runs_hpo60_topk_deberta_s23_step50/ours/lr_5p84em06/ours_s3.json,runs_hpo60_topk_deberta_s23_step50/ours/lr_5p84em06/ours_s3_curve.csv
ours,7.234984129009947e-06,2,0.6316731289548585,0.6316731289548585,0.6316731289548585,runs_hpo60_topk_deberta_s23_step50/ours/lr_7p23em06/ours_s2.json,runs_hpo60_topk_deberta_s23_step50/ours/lr_7p23em06/ours_s2_curve.csv
ours,7.234984129009947e-06,3,0.6198922404875663,0.6198922404875663,0.6198922404875663,runs_hpo60_topk_deberta_s23_step50/ours/lr_7p23em06/ours_s3.json,runs_hpo60_topk_deberta_s23_step50/ours/lr_7p23em06/ours_s3_curve.csv
ours,8.964075669762173e-06,2,0.6132452662050776,0.6125917500477281,0.6129185081264028,runs_hpo60_topk_deberta_s23_step50/ours/lr_8p96em06/ours_s2.json,runs_hpo60_topk_deberta_s23_step50/ours/lr_8p96em06/ours_s2_curve.csv
ours,8.964075669762173e-06,3,0.6585746785489247,0.6585746785489247,0.6585746785489247,runs_hpo60_topk_deberta_s23_step50/ours/lr_8p96em06/ours_s3.json,runs_hpo60_topk_deberta_s23_step50/ours/lr_8p96em06/ours_s3_curve.csv
ours,1.1106403439231605e-05,2,0.6640806343939784,0.6640806343939784,0.6640806343939784,runs_hpo60_topk_deberta_s23_step50/ours/lr_1p11em05/ours_s2.json,runs_hpo60_topk_deberta_s23_step50/ours/lr_1p11em05/ours_s2_curve.csv
ours,1.1106403439231605e-05,3,0.6477525628524857,0.6477525628524857,0.6477525628524857,runs_hpo60_topk_deberta_s23_step50/ours/lr_1p11em05/ours_s3.json,runs_hpo60_topk_deberta_s23_step50/ours/lr_1p11em05/ours_s3_curve.csv
ours,1.376072691700608e-05,2,0.6684767176077903,0.6684767176077903,0.6684767176077903,runs_hpo60_topk_deberta_s23_step50/ours/lr_1p38em05/ours_s2.json,runs_hpo60_topk_deberta_s23_step50/ours/lr_1p38em05/ours_s2_curve.csv
ours,1.376072691700608e-05,3,0.6636849378700268,0.6636849378700268,0.6636849378700268,runs_hpo60_topk_deberta_s23_step50/ours/lr_1p38em05/ours_s3.json,runs_hpo60_topk_deberta_s23_step50/ours/lr_1p38em05/ours_s3_curve.csv
ours,1.704940814733421e-05,2,0.6648305769945254,0.6648305769945254,0.6648305769945254,runs_hpo60_topk_deberta_s23_step50/ours/lr_1p70em05/ours_s2.json,runs_hpo60_topk_deberta_s23_step50/ours/lr_1p70em05/ours_s2_curve.csv
ours,1.704940814733421e-05,3,0.6489140406968398,0.6424777148844015,0.6456958777906207,runs_hpo60_topk_deberta_s23_step50/ours/lr_1p70em05/ours_s3.json,runs_hpo60_topk_deberta_s23_step50/ours/lr_1p70em05/ours_s3_curve.csv
ours,2.1124052524808717e-05,2,0.6938245541070919,0.6938245541070919,0.6938245541070919,runs_hpo60_topk_deberta_s23_step50/ours/lr_2p11em05/ours_s2.json,runs_hpo60_topk_deberta_s23_step50/ours/lr_2p11em05/ours_s2_curve.csv
ours,2.1124052524808717e-05,3,0.653037390260379,0.6412406630732312,0.6471390266668051,runs_hpo60_topk_deberta_s23_step50/ours/lr_2p11em05/ours_s3.json,runs_hpo60_topk_deberta_s23_step50/ours/lr_2p11em05/ours_s3_curve.csv
ours,2.617249767351296e-05,2,0.6697632905155698,0.6697632905155698,0.6697632905155698,runs_hpo60_topk_deberta_s23_step50/ours/lr_2p62em05/ours_s2.json,runs_hpo60_topk_deberta_s23_step50/ours/lr_2p62em05/ours_s2_curve.csv
ours,2.617249767351296e-05,3,0.6714160458035531,0.6644131824706719,0.6679146141371125,runs_hpo60_topk_deberta_s23_step50/ours/lr_2p62em05/ours_s3.json,runs_hpo60_topk_deberta_s23_step50/ours/lr_2p62em05/ours_s3_curve.csv
ours,3.242747260098683e-05,2,0.6800569851180848,0.6800569851180848,0.6800569851180848,runs_hpo60_topk_deberta_s23_step50/ours/lr_3p24em05/ours_s2.json,runs_hpo60_topk_deberta_s23_step50/ours/lr_3p24em05/ours_s2_curve.csv
ours,3.242747260098683e-05,3,0.6865762485871274,0.6865762485871274,0.6865762485871274,runs_hpo60_topk_deberta_s23_step50/ours/lr_3p24em05/ours_s3.json,runs_hpo60_topk_deberta_s23_step50/ours/lr_3p24em05/ours_s3_curve.csv
ours,4.017732630661116e-05,2,0.6789646422537388,0.6789646422537388,0.6789646422537388,runs_hpo60_topk_deberta_s23_step50/ours/lr_4p02em05/ours_s2.json,runs_hpo60_topk_deberta_s23_step50/ours/lr_4p02em05/ours_s2_curve.csv
ours,4.017732630661116e-05,3,0.6922284177887471,0.6922284177887471,0.6922284177887471,runs_hpo60_topk_deberta_s23_step50/ours/lr_4p02em05/ours_s3.json,runs_hpo60_topk_deberta_s23_step50/ours/lr_4p02em05/ours_s3_curve.csv
ours,4.977932042408958e-05,2,0.6752270889538025,0.6752270889538025,0.6752270889538025,runs_hpo60_topk_deberta_s23_step50/ours/lr_4p98em05/ours_s2.json,runs_hpo60_topk_deberta_s23_step50/ours/lr_4p98em05/ours_s2_curve.csv
ours,4.977932042408958e-05,3,0.68774593564479,0.6683449658140419,0.678045450729416,runs_hpo60_topk_deberta_s23_step50/ours/lr_4p98em05/ours_s3.json,runs_hpo60_topk_deberta_s23_step50/ours/lr_4p98em05/ours_s3_curve.csv
ours,6.167609867748794e-05,2,0.6540957057517521,0.6469414286684799,0.650518567210116,runs_hpo60_topk_deberta_s23_step50/ours/lr_6p17em05/ours_s2.json,runs_hpo60_topk_deberta_s23_step50/ours/lr_6p17em05/ours_s2_curve.csv
ours,6.167609867748794e-05,3,0.6694680614151184,0.6694680614151184,0.6694680614151184,runs_hpo60_topk_deberta_s23_step50/ours/lr_6p17em05/ours_s3.json,runs_hpo60_topk_deberta_s23_step50/ours/lr_6p17em05/ours_s3_curve.csv
ours,7.641609237868178e-05,2,0.6368562984195124,0.6368562984195124,0.6368562984195124,runs_hpo60_topk_deberta_s23_step50/ours/lr_7p64em05/ours_s2.json,runs_hpo60_topk_deberta_s23_step50/ours/lr_7p64em05/ours_s2_curve.csv
ours,7.641609237868178e-05,3,0.6826383401469521,0.6826383401469521,0.6826383401469521,runs_hpo60_topk_deberta_s23_step50/ours/lr_7p64em05/ours_s3.json,runs_hpo60_topk_deberta_s23_step50/ours/lr_7p64em05/ours_s3_curve.csv
ours,9.4678802642208e-05,2,0.6369506407462071,0.6369506407462071,0.6369506407462071,runs_hpo60_topk_deberta_s23_step50/ours/lr_9p47em05/ours_s2.json,runs_hpo60_topk_deberta_s23_step50/ours/lr_9p47em05/ours_s2_curve.csv
ours,9.4678802642208e-05,3,0.6720918396675657,0.6512762722255897,0.6616840559465778,runs_hpo60_topk_deberta_s23_step50/ours/lr_9p47em05/ours_s3.json,runs_hpo60_topk_deberta_s23_step50/ours/lr_9p47em05/ours_s3_curve.csv
ours,0.00011730612480602229,2,0.671125123500163,0.631028401717579,0.6510767626088709,runs_hpo60_topk_deberta_s23_step50/ours/lr_1p17em04/ours_s2.json,runs_hpo60_topk_deberta_s23_step50/ours/lr_1p17em04/ours_s2_curve.csv
ours,0.00011730612480602229,3,0.6553650147093946,0.6553650147093946,0.6553650147093946,runs_hpo60_topk_deberta_s23_step50/ours/lr_1p17em04/ours_s3.json,runs_hpo60_topk_deberta_s23_step50/ours/lr_1p17em04/ours_s3_curve.csv
ours,0.00014534115908719275,2,0.6390409841482042,0.6342243109537566,0.6366326475509805,runs_hpo60_topk_deberta_s23_step50/ours/lr_1p45em04/ours_s2.json,runs_hpo60_topk_deberta_s23_step50/ours/lr_1p45em04/ours_s2_curve.csv
ours,0.00014534115908719275,3,0.6202569184580284,0.6202569184580284,0.6202569184580284,runs_hpo60_topk_deberta_s23_step50/ours/lr_1p45em04/ours_s3.json,runs_hpo60_topk_deberta_s23_step50/ours/lr_1p45em04/ours_s3_curve.csv
ours,0.0001800762966105944,2,0.6186003880065017,0.6160076283075439,0.6173040081570228,runs_hpo60_topk_deberta_s23_step50/ours/lr_1p80em04/ours_s2.json,runs_hpo60_topk_deberta_s23_step50/ours/lr_1p80em04/ours_s2_curve.csv
ours,0.0001800762966105944,3,0.6160076283075439,0.6160076283075439,0.6160076283075439,runs_hpo60_topk_deberta_s23_step50/ours/lr_1p80em04/ours_s3.json,runs_hpo60_topk_deberta_s23_step50/ours/lr_1p80em04/ours_s3_curve.csv
ours,0.00022311279753543852,2,0.632493052058934,0.632493052058934,0.632493052058934,runs_hpo60_topk_deberta_s23_step50/ours/lr_2p23em04/ours_s2.json,runs_hpo60_topk_deberta_s23_step50/ours/lr_2p23em04/ours_s2_curve.csv
ours,0.00022311279753543852,3,0.6160076283075439,0.6160076283075439,0.6160076283075439,runs_hpo60_topk_deberta_s23_step50/ours/lr_2p23em04/ours_s3.json,runs_hpo60_topk_deberta_s23_step50/ours/lr_2p23em04/ours_s3_curve.csv
ours,0.00027643460778036053,2,0.6160076283075439,0.6160076283075439,0.6160076283075439,runs_hpo60_topk_deberta_s23_step50/ours/lr_2p76em04/ours_s2.json,runs_hpo60_topk_deberta_s23_step50/ours/lr_2p76em04/ours_s2_curve.csv
ours,0.00027643460778036053,3,0.6160076283075439,0.6160076283075439,0.6160076283075439,runs_hpo60_topk_deberta_s23_step50/ours/lr_2p76em04/ours_s3.json,runs_hpo60_topk_deberta_s23_step50/ours/lr_2p76em04/ours_s3_curve.csv
ours,0.0003424998172350203,2,0.6160076283075439,0.6160076283075439,0.6160076283075439,runs_hpo60_topk_deberta_s23_step50/ours/lr_3p42em04/ours_s2.json,runs_hpo60_topk_deberta_s23_step50/ours/lr_3p42em04/ours_s2_curve.csv
ours,0.0003424998172350203,3,0.6160076283075439,0.6160076283075439,0.6160076283075439,runs_hpo60_topk_deberta_s23_step50/ours/lr_3p42em04/ours_s3.json,runs_hpo60_topk_deberta_s23_step50/ours/lr_3p42em04/ours_s3_curve.csv
ours,0.00042435397560361605,2,0.6160076283075439,0.6160076283075439,0.6160076283075439,runs_hpo60_topk_deberta_s23_step50/ours/lr_4p24em04/ours_s2.json,runs_hpo60_topk_deberta_s23_step50/ours/lr_4p24em04/ours_s2_curve.csv
ours,0.00042435397560361605,3,0.6160076283075439,0.6160076283075439,0.6160076283075439,runs_hpo60_topk_deberta_s23_step50/ours/lr_4p24em04/ours_s3.json,runs_hpo60_topk_deberta_s23_step50/ours/lr_4p24em04/ours_s3_curve.csv
ours,0.0005257704896438752,2,0.6160076283075439,0.6160076283075439,0.6160076283075439,runs_hpo60_topk_deberta_s23_step50/ours/lr_5p26em04/ours_s2.json,runs_hpo60_topk_deberta_s23_step50/ours/lr_5p26em04/ours_s2_curve.csv
ours,0.0005257704896438752,3,0.6160076283075439,0.6160076283075439,0.6160076283075439,runs_hpo60_topk_deberta_s23_step50/ours/lr_5p26em04/ours_s3.json,runs_hpo60_topk_deberta_s23_step50/ours/lr_5p26em04/ours_s3_curve.csv
ours,0.0006514245739942696,2,0.6160076283075439,0.6160076283075439,0.6160076283075439,runs_hpo60_topk_deberta_s23_step50/ours/lr_6p51em04/ours_s2.json,runs_hpo60_topk_deberta_s23_step50/ours/lr_6p51em04/ours_s2_curve.csv
ours,0.0006514245739942696,3,0.6160076283075439,0.6160076283075439,0.6160076283075439,runs_hpo60_topk_deberta_s23_step50/ours/lr_6p51em04/ours_s3.json,runs_hpo60_topk_deberta_s23_step50/ours/lr_6p51em04/ours_s3_curve.csv
ours,0.0008071087745739543,2,0.6160076283075439,0.6160076283075439,0.6160076283075439,runs_hpo60_topk_deberta_s23_step50/ours/lr_8p07em04/ours_s2.json,runs_hpo60_topk_deberta_s23_step50/ours/lr_8p07em04/ours_s2_curve.csv
ours,0.0008071087745739543,3,0.6160076283075439,0.6160076283075439,0.6160076283075439,runs_hpo60_topk_deberta_s23_step50/ours/lr_8p07em04/ours_s3.json,runs_hpo60_topk_deberta_s23_step50/ours/lr_8p07em04/ours_s3_curve.csv
ours,0.001,2,0.6160076283075439,0.6160076283075439,0.6160076283075439,runs_hpo60_topk_deberta_s23_step50/ours/lr_1p00em03/ours_s2.json,runs_hpo60_topk_deberta_s23_step50/ours/lr_1p00em03/ours_s2_curve.csv
ours,0.001,3,0.6160076283075439,0.6160076283075439,0.6160076283075439,runs_hpo60_topk_deberta_s23_step50/ours/lr_1p00em03/ours_s3.json,runs_hpo60_topk_deberta_s23_step50/ours/lr_1p00em03/ours_s3_curve.csv
